{"cameraMode":{"drawMode":0,"name":"Shaded","section":"Shading Mode"},"sceneLighting":true,"audioPlay":false,"sceneViewState":{"showFog":true,"showMaterialUpdate":false,"showSkybox":true,"showFlares":true,"showImageEffects":true,"showParticleSystems":true},"in2DMode":false,"pivot":{"x":4.514532089233398,"y":0.16167736053466798,"z":-3.3736705780029299},"rotation":{"x":-0.052062325179576877,"y":0.9478889107704163,"z":-0.2172572761774063,"w":-0.22714664041996003},"size":10.0,"orthographic":false}